id;first_name;last_name;gender;country;phone;address;salary;
1;Nichol;Munnery;Female;Philippines;372-436-0237;8 Kropf Junction;279564,23;
2;Polly;Saunton;Female;Libya;789-870-0305;819 Lakewood Gardens Court;152186,11;
3;Ruperto;Snodden;Male;Poland;766-462-5616;32044 Amoth Road;962953,98;
4;Heda;Ray;Female;South Africa;212-252-3254;395 Waubesa Center;314901,65;
5;Cort;Croxford;Male;Indonesia;410-305-0750;033 Surrey Junction;822343,86;
6;Cathe;Marrington;Female;Indonesia;843-134-9320;5854 Schlimgen Park;778524,92;
7;Umberto;Malitrott;Male;Indonesia;397-278-0047;265 Old Gate Circle;549669,84;
8;Elisha;Lett;Male;Malaysia;983-121-8841;94 Di Loreto Park;122096,77;
9;Dugald;Costerd;Male;Brazil;417-774-3034;5292 West Way;913488,25;
10;Matthus;Marcombe;Male;South Korea;249-349-0010;9585 Utah Pass;523126,76;
11;Marta;Kennagh;Female;Uruguay;777-403-3022;4 Esker Drive;924502,42;
12;Florette;Gatheridge;Female;China;561-874-9248;126 Jana Circle;853160,36;
13;Kelvin;Whild;Male;United States;601-297-1404;9155 Forest Run Hill;633290,8;
14;Meredith;Chubb;Male;China;110-557-0983;0 Montana Terrace;187804,81;
15;Sheffie;McGregor;Male;Indonesia;654-562-6966;9342 Straubel Crossing;797353,14;
16;Trace;Phillins;Male;China;196-486-2291;48115 Cambridge Place;74279,7;
17;Marybeth;Tresise;Female;Reunion;843-120-4502;569 Emmet Terrace;956532,76;
18;Aggie;Salvati;Female;Philippines;197-272-2091;1969 Hoard Parkway;43463,25;
19;Joaquin;Pantling;Male;El Salvador;784-744-0247;970 Kingsford Pass;288291,9;
20;Nicolais;Kingsley;Male;Peru;683-871-1696;97854 Bobwhite Point;573107,56;
21;Devy;Hearle;Male;United States;702-818-8047;721 Hoffman Circle;277183,95;
22;Pansie;Phillimore;Female;Tanzania;343-140-7714;69 Stang Hill;872897,2;
23;Patience;Scoggans;Female;Serbia;295-805-3693;96126 Lawn Plaza;379259,7;
24;Darci;Danilov;Female;Brazil;738-262-9005;31 Rigney Terrace;521726,29;
25;Arel;Ruggen;Male;Mexico;403-767-0522;7 Meadow Ridge Trail;859953,27;
26;Egbert;Polycote;Male;Barbados;945-811-1119;42561 Ridgeview Alley;260265,98;
27;Cosme;Glaisner;Male;Portugal;560-640-9473;18 Talmadge Crossing;412985,97;
28;Merissa;Kornas;Female;Brazil;827-750-6746;432 Hayes Point;259728,85;
29;Goldy;Glavias;Female;United States;812-178-9025;6 Commercial Alley;29539,48;
30;Craggy;Lodder;Male;Indonesia;461-758-1820;676 Londonderry Place;542289,77;
31;Cecil;Giacopini;Female;China;417-547-3819;78 Amoth Place;996430,37;
32;Dennie;Corteis;Female;Russia;130-264-0695;5 Morrow Street;851512,13;
33;Nikaniki;Pencott;Female;Sweden;592-284-1570;664 Sloan Alley;21156,8;
34;Kalli;Roussell;Female;Russia;171-994-3631;5 Reindahl Park;439377,58;
35;Pen;Allwright;Female;Sweden;491-561-9782;6 Service Terrace;876058,56;
36;Verene;Daud;Female;Guatemala;903-305-2569;85 Harbort Lane;243878,33;
37;Lea;Rhys;Female;Philippines;616-434-6968;9 East Place;593667,79;
38;Grannie;Nowakowska;Male;China;983-692-3769;66394 Grasskamp Terrace;962684,01;
39;Broderick;Folder;Male;China;471-786-0119;69 Morning Pass;54464,98;
40;Kalina;Blagden;Female;China;895-955-3525;40666 Dennis Drive;91004,92;
41;Nedda;Archley;Female;Iraq;636-644-7405;1 Bluejay Way;890584,14;
42;Karoly;McKendo;Female;Colombia;702-905-5957;3 Wayridge Court;985472,87;
43;Lilyan;Brecknall;Female;Kazakhstan;995-636-4257;91 Arkansas Point;670257,26;
44;Ferdinand;Trunby;Male;Ecuador;244-295-1823;7 Karstens Park;859629,28;
45;Irvine;Haslock;Male;Denmark;504-674-0615;11682 Stoughton Park;434855,44;
46;Adena;McFaul;Female;China;305-735-2119;56 Northwestern Plaza;44017,72;
47;Tova;Cato;Female;Indonesia;862-190-0888;24273 Kingsford Way;867554,84;
48;Hatti;Bruce;Female;Japan;307-478-0864;046 Macpherson Lane;997943,48;
49;Cart;Litterick;Male;Russia;638-243-4154;94 Maywood Lane;99176,59;
50;Garner;Rubinovitsch;Male;China;284-298-7677;80 Victoria Road;831771,99;
51;Francene;Andrews;Female;Japan;219-162-4141;7654 Hoffman Trail;304281,02;
52;Terrie;Semered;Female;Poland;999-917-2287;403 Hagan Drive;845883,44;
53;Tamarra;Wattinham;Female;Colombia;145-617-9008;35 Summit Place;237960,04;
54;Maxy;Dane;Male;Mexico;772-744-7242;749 Mccormick Trail;570023,55;
55;Nicolis;Brierton;Male;Indonesia;148-964-8726;163 Quincy Circle;370005,04;
56;Rancell;Thornton-Dewhirst;Male;Venezuela;472-934-5556;7 Nova Road;420150,32;
57;Joellyn;Strutt;Female;Sweden;800-579-2195;47 Division Road;384956,13;
58;Zolly;Bumpas;Male;Brazil;877-954-4123;80048 Maple Wood Alley;784999,16;
59;Mercy;Qualtrough;Female;Sweden;478-475-6233;23411 Green Place;880696,59;
60;Audrey;Kitchaside;Female;Kazakhstan;946-718-5839;13899 Bonner Plaza;196647,28;
61;Gilles;Stuckford;Male;China;832-764-7714;283 Badeau Plaza;138682,87;
62;Glynn;Patrick;Male;Colombia;412-163-0291;662 Redwing Park;40941,59;
63;Darren;Halfhide;Male;Sweden;861-339-3277;65 Superior Parkway;320521,89;
64;Jeanie;Hartas;Female;Azerbaijan;630-536-5035;9 Steensland Terrace;184491,39;
65;Whitaker;Kingcote;Male;Syria;197-254-5533;505 Monument Alley;218489,37;
66;Brook;Burleton;Male;China;764-494-2761;31867 Declaration Alley;440082,7;
67;Lauren;Lody;Female;Czech Republic;289-131-2163;8065 Kinsman Court;417512,47;
68;Eben;Gallie;Male;Indonesia;671-430-6990;1 Fulton Alley;696085,65;
69;Ilene;Behling;Female;Albania;740-992-9399;2051 Vermont Center;692978,78;
70;Jolyn;Dufore;Female;France;901-148-6111;418 Blackbird Place;791263,34;
71;Selestina;Yanukhin;Female;China;800-438-3802;13555 8th Plaza;448781,94;
72;Emelyne;Lapidus;Female;Philippines;903-982-9536;0 Hoepker Junction;52436,84;
73;Alisander;Duplain;Male;China;481-210-9071;5351 Bluejay Center;822861,09;
74;Nathanael;Rigts;Male;Bolivia;568-328-9661;28 Rutledge Lane;721453,27;
75;Hilton;McDoual;Male;China;842-355-0617;516 Buhler Park;75785,41;
76;Tootsie;Di Meo;Female;Sweden;664-337-7977;6971 Buell Avenue;438575,63;
77;Orson;Fursey;Male;China;850-258-2611;8 Buhler Crossing;111800,94;
78;Joshuah;Bigby;Male;Brazil;249-438-3158;4 Kropf Trail;105716,35;
79;Jamie;Lawson;Female;Canada;114-838-0492;1 Truax Drive;804469,47;
80;Rochell;Tonry;Female;Russia;299-664-3071;0321 Maryland Avenue;37063,66;
81;Emery;Exposito;Male;Indonesia;552-869-8687;545 Rutledge Drive;953121,42;
82;Myrtle;Redon;Female;Canada;410-371-6885;3491 Esch Circle;787755,8;
83;Seward;Strudwick;Male;Brazil;878-898-1454;8556 Lien Junction;725085,21;
84;Berkie;Crippell;Male;Colombia;551-992-6492;638 Westend Junction;199883,19;
85;Louisette;Duckhouse;Female;Japan;918-590-4810;15175 Schiller Avenue;348226,68;
86;Moritz;Trevains;Male;Russia;578-946-9673;0 Starling Terrace;877964,91;
87;Deonne;Stoneley;Female;China;546-730-7993;89 Hoepker Crossing;936974,61;
88;Lydie;Sayse;Female;China;234-426-1251;43556 Welch Crossing;66403,79;
89;Joceline;Pietraszek;Female;Mongolia;859-949-1843;8 Shoshone Alley;180032,3;
90;Sammy;Ranyell;Female;Portugal;440-691-6483;4 Kingsford Circle;11956,27;
91;Constantine;Arboine;Male;Philippines;827-279-2568;86 Northland Pass;40824,68;
92;Mikaela;Greenwell;Female;Indonesia;333-468-8071;5 Sunnyside Point;414592,43;
93;Carney;Prangle;Male;Armenia;367-224-5831;3116 Northport Terrace;175991,64;
94;Krissy;Garwell;Female;Indonesia;648-989-2439;11990 Fairfield Center;699474,29;
95;Jerrie;Skpsey;Female;Slovenia;163-416-0126;93 Milwaukee Pass;390129,34;
96;Seamus;Darnody;Male;Honduras;816-432-2920;1 Cody Terrace;193577,94;
97;Cale;McKenny;Male;Brazil;184-596-5868;990 Debra Parkway;58466,63;
98;Dominick;Husk;Male;Sweden;249-415-2886;2 Golden Leaf Street;841635,08;
99;Madalyn;Weedall;Female;Kazakhstan;117-397-8119;32 Mayfield Drive;299757,62;
100;Joaquin;Canwell;Male;Indonesia;112-203-3686;72 Raven Parkway;337707,11;
101;Nickolaus;Tenpenny;Male;China;423-403-8850;50 Pearson Court;450065,2;
102;Mortie;McCallister;Male;Egypt;450-349-4884;9454 Merchant Road;217662,78;
103;Perle;Lynnitt;Female;Kazakhstan;478-661-9974;342 Kropf Junction;191574,88;
104;Clerkclaude;Woollons;Male;Nigeria;368-608-9283;2886 Spaight Way;705623,44;
105;Winne;Kean;Female;China;130-389-6867;021 Farwell Road;849682,48;
106;Marcile;Nannetti;Female;Sweden;439-537-9901;7513 Mockingbird Parkway;997286,83;
107;Ozzy;Mattschas;Male;China;118-828-1325;26 Stuart Plaza;438895,43;
108;Benita;Vegas;Female;Egypt;789-892-8728;88358 Browning Drive;119497,72;
109;Rozelle;Wake;Female;China;499-385-6761;9 Surrey Road;315055,61;
110;Jervis;Feakins;Male;China;853-547-4227;85610 Barby Hill;615630,04;
111;Ingeborg;Tirte;Female;Indonesia;901-155-6272;19 Lighthouse Bay Crossing;576980,82;
112;Marmaduke;Beynkn;Male;Brazil;540-492-0224;985 Nelson Circle;360560,37;
113;Blake;Mangeon;Male;Philippines;974-295-4543;9837 Hayes Center;503270,12;
114;Tracie;Bellee;Female;China;441-466-4742;4385 Oakridge Way;729884,19;
115;Patti;Marginson;Female;Indonesia;393-372-1500;9 Independence Junction;589218,27;
116;Rudiger;Burvill;Male;Bulgaria;740-169-0038;8 Kinsman Court;256521,59;
117;Langsdon;Barenski;Male;Honduras;290-517-9105;7708 Mandrake Park;963593,08;
118;Nappy;Fernan;Male;United States;229-216-1532;05 Dorton Center;783697,52;
119;Tucky;Sporgeon;Male;Brazil;110-709-1157;7827 Buell Center;19156,24;
120;Peterus;Antwis;Male;Russia;698-403-7926;04239 Main Way;63730,13;
121;Eleni;Chavrin;Female;Philippines;508-728-3886;8681 Sycamore Road;801991,16;
122;Ajay;Pero;Female;Ukraine;762-596-1540;92 Elka Trail;501534,47;
123;Samara;Sargood;Female;Philippines;538-991-0047;8 Artisan Plaza;759596,25;
124;Lorilyn;Cicerone;Female;China;233-377-2123;5 Chive Place;322056,74;
125;Joe;Mays;Male;Philippines;125-408-5183;70 Golf Course Drive;651087,77;
126;Shaylah;Hasser;Female;Montenegro;767-343-0593;5694 Steensland Drive;62246,52;
127;Dix;Billison;Female;Sweden;847-772-2294;7525 Columbus Hill;872033,18;
128;Ester;Baldocci;Female;Denmark;597-171-2223;16189 Forest Pass;43996,87;
129;Elonore;Hanscome;Female;China;135-875-9467;6 Troy Center;315322,41;
130;Brendon;De Winton;Male;United States;903-895-1731;521 Schmedeman Junction;152362,48;
131;Abner;Jakubovsky;Male;Indonesia;739-979-8099;4641 Laurel Court;406617,56;
132;Birch;Gallienne;Male;Mexico;595-757-7866;5 Burning Wood Court;82164,2;
133;Leena;Verryan;Female;Poland;376-971-7424;2515 Messerschmidt Parkway;107160,85;
134;Lew;Mizzen;Male;France;523-141-6290;92 Meadow Valley Way;24797,75;
135;Gerty;Lidgertwood;Female;China;916-419-8293;6808 Independence Terrace;978383,42;
136;Aymer;Gillie;Male;Niger;947-748-2827;14768 Longview Trail;66048,28;
137;Mada;Amsden;Female;Russia;605-658-2944;85 Ramsey Parkway;167911,32;
138;Monika;Hapke;Female;China;639-522-6647;520 Drewry Parkway;648876,79;
139;Madella;Dawidowitsch;Female;Indonesia;913-380-2665;99674 Carioca Parkway;337626,29;
140;Ruthann;Keogh;Female;Philippines;334-450-6015;27 Del Mar Road;29687,43;
141;Murdoch;Peever;Male;Poland;207-538-5712;3153 Dawn Drive;210193,21;
142;Ester;Frangello;Female;Russia;872-128-7977;9206 Veith Hill;8978,09;
143;Bryna;McPake;Female;Japan;186-339-7677;1060 Arrowood Terrace;438814,55;
144;Rosalyn;Vannah;Female;Cameroon;223-284-4924;85315 Haas Hill;653058,91;
145;Fredrick;Folcarelli;Male;Sweden;435-716-0172;10 Express Point;918708,31;
146;Ryan;Petyt;Male;China;642-469-1738;6318 Sauthoff Point;197435,71;
147;Gunter;Doniso;Male;Philippines;435-624-4232;38286 Dottie Street;785037,33;
148;Sidnee;Matuszewski;Male;Palestinian Territory;960-231-9104;11 Linden Plaza;332114,35;
149;Spike;Ehrat;Male;China;356-119-3845;26 Surrey Terrace;995373,8;
150;Kattie;Staner;Female;Cuba;788-341-0016;13828 Center Hill;789091,44;
151;Benjie;Leavey;Male;Morocco;922-450-2091;0250 Melby Hill;736047,36;
152;Lil;Oddie;Female;Pakistan;683-942-5820;830 Nova Plaza;704882,7;
153;Costa;Wegener;Male;China;562-109-8152;33324 Chinook Park;742725,96;
154;Allyn;Silverthorn;Female;Czech Republic;626-568-1639;2786 Loomis Park;37851,88;
155;Vassili;Barles;Male;Morocco;831-764-4108;51 Doe Crossing Circle;414094,14;
156;Sib;Missen;Female;Japan;881-160-7943;212 Schiller Street;25371,91;
157;Glen;Bye;Female;Mauritius;933-842-0589;2 Daystar Crossing;563280,64;
158;Melesa;Fearnyhough;Female;Somalia;120-445-0793;17441 Meadow Vale Place;956172,52;
159;Frank;Sich;Female;East Timor;286-516-8329;6378 Eagle Crest Trail;865834,42;
160;Nikita;Hylden;Male;Yemen;798-594-8682;78524 Bonner Circle;758400,64;
161;Melisande;Ledward;Female;Poland;120-575-7726;4 Shasta Junction;671359,17;
162;Binky;Tart;Male;Indonesia;755-192-6605;068 Pine View Lane;880197,98;
163;Rainer;Sorley;Male;Madagascar;554-510-8919;5 Pierstorff Street;670122,46;
164;Myrah;Holdin;Female;Sweden;430-361-0386;71996 Dwight Crossing;777172,16;
165;Isador;Ferrandez;Male;Czech Republic;565-475-1094;69 Farmco Alley;43307,41;
166;Carmine;Fonzone;Male;China;310-209-6363;77 Macpherson Hill;357470,15;
167;Cos;Pedersen;Male;Pakistan;121-349-1050;70750 Portage Drive;875419,98;
168;Hyacintha;Fateley;Female;Belarus;679-939-3823;801 Schlimgen Alley;203172,95;
169;Celka;Woolgar;Female;South Korea;822-847-8743;88 Crescent Oaks Hill;323886,39;
170;Nikki;Stathers;Female;Philippines;911-377-4780;44 Dennis Point;64641,41;
171;Roxane;Laurenzi;Female;China;666-851-1402;436 Beilfuss Way;630877,75;
172;Mathew;Woodcroft;Male;China;935-825-0261;63063 Melby Circle;96882,45;
173;Kit;Wybern;Male;Palestinian Territory;575-900-4701;016 Sheridan Point;629482,86;
174;Freeland;MacAndie;Male;Colombia;782-120-9326;75 Esch Trail;889955,56;
175;Rae;Le Barr;Female;Brazil;312-925-9975;80597 Vera Center;251713,34;
176;Louisette;Grafham;Female;China;152-767-3875;47 Lakewood Gardens Crossing;915840,05;
177;Baron;Gurton;Male;China;116-781-4429;0 Shelley Junction;53889,89;
178;Man;Spurnier;Male;Poland;697-530-6914;140 Dapin Alley;114412,75;
179;Clio;Oleksiak;Female;Vietnam;631-131-2858;731 Kingsford Terrace;981548,3;
180;Shay;Orknay;Female;China;241-734-1584;66512 Prentice Park;345111,17;
181;Hollis;Bebis;Male;Saudi Arabia;888-267-4463;46033 Arizona Parkway;558983,24;
182;Timoteo;Gilbane;Male;Russia;640-435-1883;80 Dovetail Parkway;962116,3;
183;Livy;Vyse;Female;Brazil;394-419-6173;122 Kennedy Street;710133,82;
184;Tanner;Steet;Male;Bosnia and Herzegovina;959-960-9326;3 Springview Lane;894156,08;
185;Walt;Cotesford;Male;Indonesia;117-134-9641;6 Farragut Trail;387859,14;
186;Clary;Winchcombe;Female;China;792-223-8481;29009 Barby Plaza;303815,95;
187;Gerard;Naisbit;Male;China;689-250-7030;812 Green Ridge Drive;660120,68;
188;Caesar;Kiehne;Male;Colombia;150-409-5443;56 Cody Alley;408970,19;
189;Janenna;Boards;Female;China;770-427-1757;6 Tomscot Park;984027,99;
190;Doralyn;Antognoni;Female;Thailand;994-255-8834;8 Crowley Trail;298236,17;
191;Erica;Wishkar;Female;Russia;197-109-7122;91396 Burning Wood Place;444960,46;
192;Odell;Wittke;Male;Thailand;912-896-5209;6 Summer Ridge Parkway;762301,16;
193;Nanette;Worsfold;Female;Cuba;804-382-6338;261 Mesta Pass;347791,23;
194;Elvyn;Rawcliffe;Male;France;400-616-2998;66113 Oxford Parkway;852748,22;
195;Sanderson;McCusker;Male;Poland;543-505-1298;18 Petterle Way;11978,12;
196;Juliette;Ewers;Female;Brazil;764-274-3063;96 Lillian Hill;556189,63;
197;Dianemarie;Coney;Female;China;230-290-2033;78 Farragut Parkway;570746,46;
198;Carlen;Izkovicz;Female;South Korea;587-287-2904;77 Mayfield Road;561072,17;
199;Dex;Klampk;Male;Indonesia;291-254-4540;32 Scoville Plaza;73036,61;
200;Abbe;Tither;Female;Russia;555-397-3286;82 Artisan Junction;675495,38;
201;Meghan;Cokly;Female;Poland;792-757-6613;471 Sloan Terrace;698352,77;
202;Prescott;Surgenor;Male;China;377-764-9361;851 Kedzie Lane;605175,58;
203;Grissel;Reddyhoff;Female;Indonesia;523-812-6253;06 Dixon Trail;498457,24;
204;Bond;Desbrow;Male;Philippines;709-328-8100;67 Derek Hill;95877,26;
205;Matilde;Dikle;Female;China;277-606-7209;2 Pennsylvania Point;973213,49;
206;Parke;Swindley;Male;Guyana;850-275-0235;0662 Katie Center;104194,76;
207;Garey;Moogan;Male;South Africa;745-434-7225;6 Stang Crossing;675490,93;
208;Caitlin;Coronas;Female;Czech Republic;854-751-7931;7515 Sullivan Drive;966885,02;
209;Loy;Swateridge;Male;Poland;776-900-3828;61 Laurel Road;578902,52;
210;Rutherford;Tire;Male;United States;571-317-6127;926 Northfield Junction;624464,62;
211;Salomi;Sanderson;Female;South Africa;873-730-9937;654 Monica Street;752449,19;
212;Jenine;Over;Female;Bosnia and Herzegovina;421-566-5515;0065 Emmet Crossing;762888,39;
213;Quinlan;Mellon;Male;Russia;275-925-6868;97 Lillian Drive;255362,52;
214;Gusella;Leggin;Female;Indonesia;314-150-0187;9 Jay Hill;980874,79;
215;Ellerey;Forbear;Male;Brazil;175-400-5313;1 Dixon Alley;230678,42;
216;Raimundo;Kolakovic;Male;Greece;591-815-6138;3835 Burning Wood Center;123089,08;
217;Delbert;Pahl;Male;Vietnam;770-464-3374;835 Butternut Place;992172,45;
218;Kristofer;Elcott;Male;China;807-540-2286;99439 Dryden Court;557728,5;
219;Mart;Rook;Male;Russia;200-132-2782;4 Johnson Road;772303,61;
220;Susi;Jarrad;Female;Russia;130-381-6692;2849 Tennyson Hill;916096,96;
221;Tamarah;Sawyers;Female;France;231-562-0025;5648 Sheridan Park;693202,63;
222;Berti;Mellows;Female;China;289-618-6752;39 Mendota Parkway;447452,6;
223;Darrel;Shawcroft;Male;Indonesia;158-274-9495;763 7th Lane;72699,92;
224;Jason;Ramalhete;Male;Portugal;882-597-3099;408 Fairfield Place;259312,37;
225;Nerta;Rolingson;Female;Norway;774-433-4188;462 Nancy Court;89130,74;
226;Clay;Canceller;Male;Russia;733-200-4799;4029 Fordem Junction;853580,87;
227;Eda;Sultan;Female;Sweden;134-649-3724;6305 Fairview Trail;103974,37;
228;Jared;Saladin;Male;Serbia;521-961-3105;8747 Duke Avenue;250266,63;
229;Hayley;Lidden;Female;China;361-695-9251;61163 Lindbergh Hill;651815,45;
230;Genia;Haskett;Female;Serbia;515-845-6345;03644 Marcy Center;420798,75;
231;Vere;Gourley;Female;Benin;337-684-6960;1 Farwell Way;646105,97;
232;Avivah;Jenyns;Female;Russia;551-763-3163;494 Mandrake Terrace;889890,32;
233;Bernard;Jannaway;Male;China;611-650-6314;60 Glacier Hill Point;190326,65;
234;Mateo;Timoney;Male;China;251-796-7007;87596 Old Gate Terrace;121465,26;
235;Goldi;Stoate;Female;Netherlands;487-802-5312;4 Arkansas Avenue;264594,08;
236;Fae;Pardal;Female;Czech Republic;978-679-9807;08 Twin Pines Hill;742245,35;
237;Tessi;Sher;Female;Philippines;734-399-9907;30 Bayside Center;16516,01;
238;Barny;Dust;Male;China;434-653-8162;116 Stang Trail;25399,62;
239;Perry;Brookton;Male;Armenia;263-844-0585;7 Namekagon Lane;389894,32;
240;Tedmund;Gasker;Male;Central African Republic;394-385-5113;782 Warrior Junction;241732,99;
241;Bernhard;Ivashov;Male;Canada;872-968-4158;4514 Fisk Avenue;769826,41;
242;Garwin;Richly;Male;Uzbekistan;731-132-8779;58372 Carioca Hill;198918,87;
243;Brittany;Kiehne;Female;China;898-920-9812;5 Artisan Plaza;566059,66;
244;Godfrey;Kemp;Male;Poland;453-198-5250;33902 Glacier Hill Center;47849,14;
245;Dillon;Kacheler;Male;Netherlands;685-585-5533;96738 Straubel Trail;293259,01;
246;Karry;Lytell;Female;Ukraine;404-745-1263;9 Packers Street;671590,65;
247;Serge;Pott;Male;France;611-385-1178;17698 Hovde Lane;34257,25;
248;Munmro;Grenfell;Male;Thailand;487-922-9092;5 Westport Place;65525,5;
249;Annadiana;Anning;Female;Dominican Republic;432-986-8708;38778 1st Trail;436624,48;
250;Larisa;Wharmby;Female;France;839-942-7291;1037 4th Parkway;887086,8;
251;Franciska;Kolinsky;Female;China;589-274-6963;8 Steensland Way;782058,64;
252;Burlie;Gilliver;Male;Mexico;473-125-0415;08 South Way;172421,59;
253;Jarrod;Areles;Male;Senegal;997-874-5093;3634 Merchant Place;978321,34;
254;Quintana;Ruffell;Female;Egypt;454-477-8909;9884 Londonderry Crossing;99836,17;
255;Sela;Coldwell;Female;Croatia;670-805-2864;7 Jay Hill;660626,52;
256;Karlen;Ife;Female;Poland;480-189-4328;4895 Sundown Center;890425,45;
257;Niven;Van de Castele;Male;Peru;842-442-3280;85 Ohio Parkway;11149,78;
258;Annmarie;Letertre;Female;Brazil;572-998-0892;3 Redwing Court;346283,03;
259;Melisa;Bewlie;Female;China;989-995-9651;86701 Drewry Parkway;411191,42;
260;Marabel;Goldthorp;Female;Russia;555-716-8085;07990 Charing Cross Pass;720204,44;
261;Quentin;Vesty;Male;Sweden;756-328-5750;92646 Bobwhite Terrace;518849,3;
262;Blayne;Cock;Male;Zimbabwe;263-208-5099;254 Arkansas Trail;92366,99;
263;Oates;Greenwell;Male;Indonesia;931-199-0781;1205 Norway Maple Parkway;630527,25;
264;Glen;Wimpenny;Male;Palestinian Territory;593-168-2058;6 Schiller Point;762069,4;
265;Emerson;Pitchford;Male;North Korea;573-561-9355;47 Nobel Way;978053,48;
266;Phil;Lummasana;Male;Palestinian Territory;764-274-9596;3 Packers Point;564785,27;
267;Celestina;Pettifor;Female;Indonesia;773-714-8335;02 Northport Center;496224,84;
268;Gigi;Grey;Female;Czech Republic;856-596-0082;8 Miller Hill;340445,5;
269;Bartolomeo;Girth;Male;Iran;263-617-0691;14378 Grasskamp Avenue;274381,94;
270;Vinnie;Jagielski;Female;Indonesia;604-943-4967;6526 Loeprich Circle;117908,63;
271;Benedicta;Laweles;Female;Afghanistan;678-563-2063;31459 Vera Alley;729883,13;
272;Nelia;Sparkwell;Female;China;114-423-4001;4873 School Avenue;344477,63;
273;Maggy;Davet;Female;Indonesia;750-543-5934;83133 Village Green Drive;426496,08;
274;Tann;Pusey;Male;China;245-729-7727;89 Londonderry Plaza;736589,07;
275;Vince;Comberbeach;Male;Israel;994-148-4936;805 Esch Trail;254808,87;
276;Sephira;Cuskery;Female;Bulgaria;843-323-4108;45 Schlimgen Pass;360208,29;
277;Enid;Jerche;Female;Indonesia;934-671-7039;44124 Larry Trail;416351,88;
278;Rosalind;Torricella;Female;Ireland;774-171-0608;91889 Carey Avenue;814435,81;
279;Genny;Humbie;Female;Ghana;452-609-9449;7859 Sugar Plaza;997157,74;
280;Sadella;Mathieson;Female;Hungary;825-301-1019;084 Erie Park;633305,35;
281;Dur;Shemelt;Male;Ukraine;688-292-2888;12 Hoard Street;377271,21;
282;Dorette;Le Blanc;Female;South Africa;814-458-4402;2 Mitchell Road;35123,52;
283;Marcos;Teas;Male;Ivory Coast;575-273-4120;2418 Sachs Plaza;777793,57;
284;Zaccaria;Peeter;Male;Colombia;761-730-8666;08814 Utah Avenue;393874,14;
285;Karlotta;Schimann;Female;Albania;690-880-1353;53990 Arkansas Avenue;435646,3;
286;Talyah;Gladwell;Female;Russia;729-111-7560;9 Blue Bill Park Avenue;868271,91;
287;Evonne;Stedson;Female;Indonesia;841-342-3175;9178 Aberg Hill;497345,53;
288;Jean;Loch;Male;Indonesia;365-362-6958;135 Dennis Junction;734797,97;
289;Elvyn;Scarasbrick;Male;France;134-437-1446;5324 Lake View Avenue;164657,46;
290;Haze;Lorentzen;Male;Japan;999-377-5913;3 Rutledge Street;452055,64;
291;Basia;Bigmore;Female;South Africa;675-115-8706;65463 2nd Point;206158,36;
292;Deanna;Pellew;Female;Palestinian Territory;364-408-3662;0 Kedzie Pass;767705,35;
293;Toby;Brinkworth;Female;Russia;216-198-8566;5 Huxley Point;471669,47;
294;Carlotta;Manifield;Female;Paraguay;571-626-1997;0 Carioca Hill;964068,88;
295;Glen;Goldup;Male;Indonesia;352-214-8017;802 Bashford Center;283683,68;
296;Nell;Cassedy;Female;Kyrgyzstan;771-285-5004;88843 Knutson Place;391822,81;
297;Torrence;McTavy;Male;Philippines;595-497-2237;55919 Melvin Road;292936,08;
298;Herculie;Hubbucke;Male;Philippines;432-513-0387;52 Shopko Way;166021,42;
299;Bridget;Twaite;Female;France;110-738-1582;5 Granby Lane;104640,98;
300;Brooks;Friedank;Female;Ethiopia;881-602-6845;68208 Parkside Alley;217552,96;
301;Caitrin;Micklewright;Female;Philippines;633-410-0844;0407 Stuart Road;127093,76;
302;Mollie;St, Queintain;Female;Czech Republic;841-611-0101;473 Memorial Crossing;726223,39;
303;Demetri;Flattman;Male;Poland;764-280-9547;112 Rigney Plaza;236456,52;
304;Elmira;Capun;Female;Armenia;549-506-2440;805 Kennedy Alley;615636,45;
305;Else;Paulisch;Female;Indonesia;473-652-0885;553 Karstens Junction;324097,11;
306;Addy;Wilsone;Male;Portugal;901-995-8863;96 Northridge Way;399472,98;
307;Hewett;Fremantle;Male;Guadeloupe;643-283-8043;29885 Ridgeview Crossing;995154,26;
308;Di;Bartle;Female;Russia;549-807-1274;114 Washington Avenue;863812,88;
309;Rosene;Lockton;Female;Syria;942-933-0630;63804 Fordem Road;208372,07;
310;Mendy;Hembery;Male;Colombia;778-985-6642;64402 American Place;424119,12;
311;Shani;Gaine;Female;Poland;612-691-2598;885 Vera Trail;76863,38;
312;Auguste;Creamen;Female;Switzerland;149-499-0242;8194 Upham Alley;239561,34;
313;Andrey;Cogdell;Male;Canada;578-654-8645;3570 Cardinal Alley;841726,61;
314;Gabriellia;Daniele;Female;Sweden;149-179-5478;941 Maryland Point;31872,43;
315;Tina;Tindall;Female;Kazakhstan;690-305-3906;1 Doe Crossing Center;351112,2;
316;Edward;Springall;Male;Russia;101-274-5760;0 Lighthouse Bay Park;291792,62;
317;Laurena;Narducci;Female;Ethiopia;907-316-8628;92 Paget Terrace;554924,37;
318;Daisey;Woehler;Female;Azerbaijan;580-156-7749;43 Stuart Place;794543,42;
319;Ekaterina;Ciccottini;Female;China;937-381-2807;9321 Main Terrace;823290,43;
320;Shayna;Asals;Female;Portugal;660-625-4383;714 Crescent Oaks Park;932027,83;
321;Idaline;Veazey;Female;Portugal;739-740-2058;301 Delaware Alley;311934,54;
322;Germayne;Langran;Male;Estonia;573-814-6024;86289 Pawling Hill;126764,59;
323;Guenevere;Saipy;Female;Philippines;288-706-7297;71 Duke Way;429595,98;
324;Carol;Langcastle;Female;Russia;485-431-0843;6828 Evergreen Terrace;249636,78;
325;Gabriella;Danielot;Female;Brazil;143-977-9301;9053 Charing Cross Pass;92371,73;
326;Lowrance;Tailby;Male;Indonesia;494-415-7612;77 Lighthouse Bay Street;81642,57;
327;Maggee;Bromet;Female;Bulgaria;975-768-3205;09136 Miller Trail;128075,04;
328;Maurene;Housam;Female;China;943-270-1601;3910 Oakridge Circle;223952,23;
329;Hussein;Stetlye;Male;Tunisia;745-913-2538;65918 Cody Terrace;326337,2;
330;Marie;Lowthian;Female;Sweden;488-155-9724;78 Butternut Circle;799077,22;
331;Manon;St Quenin;Female;United States;504-236-5050;8 Forest Dale Trail;339044,57;
332;Flemming;Lownds;Male;Poland;683-205-5003;79009 Arizona Trail;366418,52;
333;Gena;Potticary;Female;Palestinian Territory;672-991-5066;74602 Alpine Avenue;798138,3;
334;Kingsley;Deelay;Male;United States;314-109-1101;77 Kenwood Avenue;487426,89;
335;Owen;Paik;Male;Netherlands;945-313-4317;79 Heath Parkway;49806,84;
336;Eugenia;Donlon;Female;China;388-789-0696;21 Mccormick Pass;914909,71;
337;Ardith;Talby;Female;China;829-291-7139;779 Arrowood Place;703754,85;
338;Vanda;Masser;Female;Pakistan;498-729-2442;99 Little Fleur Terrace;922519,94;
339;Rance;Hughman;Male;Russia;199-175-6763;311 Forest Run Terrace;397927,38;
340;Carr;Callingham;Male;Sweden;433-885-9283;70 Moulton Point;962826,49;
341;Ced;Melato;Male;Russia;906-508-6875;1 Forest Run Point;195091,83;
342;Edik;Rooms;Male;Brazil;622-229-1372;3 Ronald Regan Lane;566509,13;
343;Windy;Reyna;Female;China;529-985-1838;746 Dapin Point;846008,67;
344;Jamal;Sherme;Male;Finland;288-360-9321;1676 Sunnyside Way;923952,32;
345;Tim;Bruinsma;Female;Ukraine;170-830-6437;282 Blaine Terrace;356950,94;
346;Leeann;Degan;Female;Ukraine;920-695-0786;19469 Lighthouse Bay Way;418319,92;
347;Marney;Fenge;Female;Czech Republic;966-621-1099;08 Harbort Road;55719,28;
348;Babbie;Nacey;Female;Nigeria;292-659-9360;0974 Forest Run Terrace;557241,57;
349;Starla;Hearthfield;Female;Macedonia;905-436-6913;00 Morning Lane;702677,63;
350;Ettie;Dudlestone;Female;Denmark;118-708-4370;5937 Schmedeman Crossing;208781,91;
351;Stacy;Degoey;Female;China;705-703-2543;309 Arizona Place;831390,45;
352;Patricio;Jacquemot;Male;Argentina;926-258-5987;82912 Eastlawn Junction;81492,75;
353;Raquela;Rye;Female;Guatemala;813-397-2477;33267 Schiller Park;439241,66;
354;Jenn;Farenden;Female;Ecuador;176-863-2947;33 Anniversary Junction;225394,3;
355;Dniren;McComish;Female;China;983-592-9442;4346 Rieder Circle;40130,9;
356;Toby;Neeve;Male;Poland;612-983-4681;84 Vermont Center;211354,77;
357;Joly;Crumby;Female;Mongolia;124-628-6798;7 Morrow Drive;731265,64;
358;Arlyn;Wrankling;Female;Philippines;934-310-1798;59425 Waxwing Street;598142,76;
359;Adrian;Slowley;Male;Russia;549-182-6991;74 Southridge Point;779708,19;
360;Nana;Crowdson;Female;Indonesia;537-771-2569;761 Rutledge Plaza;852783,69;
361;Arnuad;Van Driel;Male;France;975-435-4830;96209 Duke Drive;136765,92;
362;Corty;Yarrall;Male;Indonesia;585-408-7883;96 Service Crossing;87714,45;
363;Drusie;Bault;Female;Brazil;818-328-5641;9313 Bartillon Hill;315063,02;
364;Kaye;Braisher;Female;Madagascar;432-299-4595;32 Huxley Way;419232,38;
365;Alix;Gegay;Male;Poland;893-744-4465;2 Hauk Park;750370,57;
366;Carce;Childe;Male;Finland;796-694-0673;6 Buell Drive;211640,17;
367;Ruperta;Sutliff;Female;Argentina;315-866-4672;95374 Northport Park;13125,16;
368;Clayton;Yakunikov;Male;Japan;930-368-5101;8 Lillian Hill;565483,49;
369;Danie;Dawe;Male;Portugal;423-284-7240;24 Delaware Way;221765,48;
370;Court;Wickendon;Male;Sweden;791-513-7063;5987 Hudson Alley;901679,96;
371;Elvis;McCuish;Male;Jamaica;203-755-1894;1 Quincy Terrace;777646,1;
372;Gibb;Fehners;Male;Peru;537-911-0124;53262 Rigney Parkway;570273,05;
373;Linoel;Scuffham;Male;China;372-839-7729;1993 Hovde Center;752718,43;
374;Cathryn;Spick;Female;Poland;248-661-8975;22439 American Ash Street;133164,8;
375;Erica;Josilowski;Female;Greece;634-975-1148;2164 Mcguire Road;801565,34;
376;Rey;Baldassi;Male;Indonesia;988-144-7692;55 Hintze Road;538391,42;
377;Chris;Arp;Male;China;567-704-5795;7372 Park Meadow Trail;683297,24;
378;Caressa;Bohden;Female;Kazakhstan;186-207-4917;79196 Thackeray Alley;557156,16;
379;Othilie;Minerdo;Female;China;354-362-3761;20 Anzinger Trail;868093,46;
380;Opaline;Percival;Female;Sweden;228-316-2954;83436 Eggendart Avenue;756316,46;
381;Eddy;Vowden;Male;Czech Republic;167-236-9922;136 Dexter Park;343008,41;
382;Clayson;Dalrymple;Male;Indonesia;730-729-6677;3879 Randy Terrace;155075,72;
383;Gisella;Osgarby;Female;Sweden;729-219-9984;9 Fisk Drive;867164,41;
384;Roxane;Maslen;Female;Portugal;863-186-8837;4072 Badeau Terrace;198686,1;
385;Hart;Pavkovic;Male;Morocco;332-651-5450;715 Esch Center;332288,7;
386;Tad;Brimmicombe;Male;China;732-291-3499;35904 Parkside Place;941656,51;
387;Alasdair;Olle;Male;France;574-672-5353;6464 Cordelia Place;935469,65;
388;Courtney;Dorcey;Male;China;418-461-3114;9 Monument Point;781231,58;
389;Nate;Yoakley;Male;Belarus;163-317-1309;34405 Holy Cross Alley;525561,86;
400;Facundo;Garab;Female;Philippines;372-436-0237;8 Kropf Junction;279564,23;
401;Sonia;Garab;Female;Philippines;372-436-0237;8 Kropf Junction;279564,23;
